Name,Alias,Title
The Back Room,the-back-room-surrey,Bars
Momo n Wings,momo-n-wings-surrey,Sports Bars
Tasty Indian Bistro,tasty-indian-bistro-delta-2,Indian
The Wooden Spoon,the-wooden-spoon-white-rock,Breakfast & Brunch
Vault Restaurant,vault-restaurant-surrey,Steakhouses
Tokyo Mithaiwala,tokyo-mithaiwala-surrey,Bakeries
Chuihong,chuihong-surrey,Korean
Banana Leaf,banana-leaf-surrey,Malaysian
Yory Korean Cuisine,yory-korean-cuisine-surrey,Korean
Clove,clove-surrey,Indian
Liberty Kitchen,liberty-kitchen-surrey,Comfort Food
Yugafu Japanese Bistro,yugafu-japanese-bistro-surrey,Japanese
Jerusalem Grill & Shawarma,jerusalem-grill-and-shawarma-surrey-3,Mediterranean
Old Surrey Restaurant,old-surrey-restaurant-surrey,French
The Social Tavern,the-social-tavern-surrey,Sports Bars
Showshaa - The Modern Taproom,showshaa-the-modern-taproom-surrey,Tapas Bars
The Carvery Sandwich Shop,the-carvery-sandwich-shop-surrey,Delicatessen
Zapoteca,zapoteca-white-rock,Mexican
Cactus Club Cafe,cactus-club-cafe-surrey,Canadian (New)
Chacha's Tandoor & Grill,chachas-tandoor-and-grill-surrey,Indian
Haven Kitchen + Bar,haven-kitchen-bar-langley-city,Cocktail Bars
Boom Beer,boom-beer-surrey,Korean
Tacoholic,tacoholic-langley-3,Mexican
Baik Mi Korean Restaurant,baik-mi-korean-restaurant-surrey,Korean
Five,five-white-rock-2,Seafood
Maruhachi Ra-men,maruhachi-ra-men-surrey,Ramen
Ambar Surrey  Dhaba,ambar-surrey-dhaba-surrey,Indian
Bacayon's Chibugan,bacayons-chibugan-surrey-3,Filipino
Ustaad G,ustaad-g-surrey,Indian
Spice of Nepal,spice-of-nepal-surrey-2,Himalayan/Nepalese
Woorinara Korean Restaurant,woorinara-korean-restaurant-langley-city,Korean
Rib & Chicken,rib-and-chicken-langley,Korean
bb.q Chicken & Pub,bb-q-chicken-and-pub-surrey,Korean
Waffle House Diner,waffle-house-diner-surrey,Diners
Ruex Cafe & Bar,ruex-cafe-and-bar-surrey,Breakfast & Brunch
Meltwich Food Co,meltwich-food-co-surrey,Burgers
Mr Tonkatsu,mr-tonkatsu-surrey-3,Japanese
Afghan Kitchen South Surrey,afghan-kitchen-south-surrey-surrey,Afghan
Tap Restaurant,tap-restaurant-surrey-2,Tapas/Small Plates
The Tannenbaum Restaurant,the-tannenbaum-restaurant-new-westminster,German
Delphi Brunch Cafe,delphi-brunch-cafe-langley,Breakfast & Brunch
La Baia Italian Restaurant,la-baia-italian-restaurant-white-rock,Italian
German Doner Kebab,german-doner-kebab-surrey,Donairs
Pasta Timo,pasta-timo-surrey,Italian
Naka Bistro Lao & Thai Cuisine,naka-bistro-lao-and-thai-cuisine-langley-2,Laotian
Dragon Village Restaurant,dragon-village-restaurant-surrey,Chinese
Hanako Japanese Restaurant,hanako-japanese-restaurant-surrey,Japanese
Dominion Bar + Kitchen,dominion-bar-kitchen-surrey,Canadian (New)
Captain's Oven Pizza,captains-oven-pizza-surrey,Pizza
Ato Sushi Bar Kitchen,ato-sushi-bar-kitchen-surrey,Japanese
"The Ocean Beach Crafts, Drafts & Eats",the-ocean-beach-crafts-drafts-and-eats-white-rock,Bars
Diamond Buffet,diamond-buffet-surrey-2,Buffets
Katana,katana-langley,Japanese
Kovan Korean Restaurant,kovan-korean-restaurant-langley-2,Korean
My Greek Taverna,my-greek-taverna-surrey,Greek
PARATHA 2 PASTA,paratha-2-pasta-surrey,Indian
S+L Kitchen & Bar South Surrey,s-l-kitchen-and-bar-surrey-4,Steakhouses
Hiroshi Ramen,hiroshi-ramen-surrey,Ramen
Avishan Authentic Middle East Grill,avishan-authentic-middle-east-grill-langley,Persian/Iranian
Chaiiwala of London,chaiiwala-of-london-surrey,Indian
Sushi Iwa,sushi-iwa-white-rock,Japanese
ChongQing Restaurant,chongqing-restaurant-surrey,Chinese
Bánh Mì Très Bon - White Rock,bánh-mì-très-bon-white-rock-white-rock,Vietnamese
Banchan Korean Bistro,banchan-korean-bistro-langley,Korean
Agoongyi Korean Restaurant,agoongyi-korean-restaurant-langley,Korean
Peranakan Kitchen,peranakan-kitchen-new-westminster,Indonesian
The Bao Place,the-bao-place-burnaby,Chinese
Kai Japanese Restaurant,kai-japanese-restaurant-langley,Japanese
Bandra Cafe,bandra-cafe-surrey,Indian
Le Jardin,le-jardin-surrey,French
Ladybird's Trattoria,ladybirds-trattoria-surrey,Italian
Chick to Sea Fish and Chips,chick-to-sea-fish-and-chips-surrey,Fish & Chips
Wild Thyme,wild-thyme-new-westminster,Lebanese
Porkmafia,porkmafia-delta,Barbeque
BBQ King Delight,bbq-king-delight-surrey,Barbeque
Estrella's Montreal Deli & Cafe,estrellas-montreal-deli-and-cafe-langley,Delis
Zythos Greek Mediterranean Grill,zythos-greek-mediterranean-grill-langley,Greek
Uli's Restaurant,ulis-restaurant-white-rock,German
Elizabeth's Chalet Restaurant,elizabeths-chalet-restaurant-surrey,German
KINTON RAMEN SURREY,kinton-ramen-surrey-surrey-2,Ramen
Fab Burgers,fab-burgers-surrey-2,Burgers
The Italian Osteria & Cheesebar,the-italian-osteria-and-cheesebar-langley,Italian
Eggcetra Breakfast Cafe,eggcetra-breakfast-cafe-surrey,Breakfast & Brunch
Major Joy Flavoured Chicken,major-joy-flavoured-chicken-surrey,Chicken Shop
The Taste of Africa,the-taste-of-africa-surrey,African
The Greek Corner,the-greek-corner-surrey-2,Greek
Seoul Grill House,seoul-grill-house-surrey,Korean
Langley Buffet,langley-buffet-langley-city,Buffets
Chopsticks On Pho,chopsticks-on-pho-surrey,Vietnamese
La Meza Grill,la-meza-grill-delta,Filipino
Chicken World,chicken-world-surrey-2,Chicken Shop
An Indian Affair,an-indian-affair-langley-2,Indian
Browns Socialhouse Panorama,browns-socialhouse-panorama-surrey-2,Pubs
Shawarma Palace,shawarma-palace-surrey-2,Lebanese
New York New York,new-york-new-york-surrey,Greek
The Bund Shanghai Cuisine & Bar,the-bund-shanghai-cuisine-and-bar-white-rock,Chinese
Menzou Ramen & Bubble Tea,menzou-ramen-and-bubble-tea-surrey,Ramen
Guacamole Mexican Grill,guacamole-mexican-grill-surrey,Mexican
Tap & Barrel,tap-and-barrel-south-surrey,Seafood
Full Ramen,full-ramen-surrey,Ramen
Woo Korean BBQ,woo-korean-bbq-surrey,Korean
One More Thai,one-more-thai-surrey,Thai
Sabai Thai Restaurant,sabai-thai-restaurant-surrey,Thai
Afghan Chopan Restaurant,afghan-chopan-restaurant-surrey-3,Afghan
Grandt Kitchen,grandt-kitchen-surrey,Filipino
Tommies Jerk,tommies-jerk-surrey,Caribbean
Great Afghan Kabob,great-afghan-kabob-surrey,Afghan
Ay Chihuahua,ay-chihuahua-surrey-3,Mexican
OEB Breakfast - Langley,oeb-breakfast-langley-langley-4,Breakfast & Brunch
PG's Jamaican Restaurant,pgs-jamaican-restaurant-white-rock,Caribbean
Texx Big Burger,texx-big-burger-surrey,Burgers
Earls Kitchen + Bar,earls-kitchen-bar-surrey-3,Salad
Sam’s Chaat House,sam-s-chaat-house-surrey,Indian
The Lodge Steakhouse,the-lodge-steakhouse-langley,Canadian (New)
Barcelos Flame Grilled Chicken,barcelos-flame-grilled-chicken-surrey-5,Portuguese
Hooked Fish Bar,hooked-fish-bar-surrey,Fish & Chips
Main Choice Chinese Restaurant,main-choice-chinese-restaurant-surrey,Chinese
The Cabin Restaurant,the-cabin-restaurant-surrey,Canadian (New)
Bubble 88,bubble-88-surrey,Taiwanese
Momo Factory,momo-factory-delta,Himalayan/Nepalese
Skye Avenue Kitchen & Lounge,skye-avenue-kitchen-and-lounge-surrey,Canadian (New)
Kin Thai Kitchen & Bar,kin-thai-kitchen-and-bar-surrey,Thai
The Raving Gamer Bistro,the-raving-gamer-bistro-langley,Cocktail Bars
Sapporo Kitchen,sapporo-kitchen-surrey-2,Japanese
Inchin's Bamboo Garden,inchins-bamboo-garden-surrey,Asian Fusion
Cabizerra Bistro,cabizerra-bistro-surrey,Filipino
Natalino’s Pizza,natalino-s-pizza-surrey-2,Pizza
Curry and Kabab,curry-and-kabab-surrey,Indian
Dragon Wok,dragon-wok-surrey,Hakka
Browns Socialhouse Guildford,browns-socialhouse-guildford-surrey,Pubs
The Courtyard,the-courtyard-langley,Food Court
Malaysian Hut,malaysian-hut-surrey,Malaysian
Arirang Korean Restaurant,arirang-korean-restaurant-surrey,Korean
Excellent Ice,excellent-ice-surrey,Skating Rinks
Taqueria Jalisco Restaurant,taqueria-jalisco-restaurant-surrey,Mexican
Thai By Thai,thai-by-thai-surrey-3,Thai
Moku Kaulana Hawaiian Barbecue,moku-kaulana-hawaiian-barbecue-langley-township,Barbeque
Oak & Thorne,oak-and-thorne-langley-5,Gastropubs
Steve's Poké Bar,steves-poké-bar-surrey-7,Hawaiian
Palmyra Mediterranean Grill,palmyra-mediterranean-grill-surrey,Middle Eastern
Archie's BBQ,archies-bbq-surrey,Filipino
Bros Bbq,bros-bbq-surrey,Southern
Akari Japanese Restaurant,akari-japanese-restaurant-delta,Japanese
Jollibee,jollibee-coming-soon-surrey,Fast Food
Jollibee,jollibee-surrey,Fast Food
Streats,streats-surrey-2,Burgers
Browns Socialhouse Surrey Centre,browns-socialhouse-surrey-centre-surrey,Canadian (New)
Happy Singh Street Eats,happy-singh-street-eats-delta,Indian
Chaiiwala of London - Nordel,chaiiwala-of-london-nordel-surrey-3,Indian
Chili House Restaurant,chili-house-restaurant-surrey,Asian Fusion
Hansel Deli,hansel-deli-surrey-2,Delis
Seahorse Grill,seahorse-grill-surrey-2,Seafood
Banh Mi Bar Restaurant,banh-mi-bar-restaurant-new-westminster,Sandwiches
Krispy Samosa,krispy-samosa-surrey,Indian
Pindi Dhaba,pindi-dhaba-surrey,Indian
The Waffle Co,the-waffle-co-surrey,Breakfast & Brunch
Mama Moon Korean Food,mama-moon-korean-food-surrey,Korean
Tawara Japanese Restaurant,tawara-japanese-restaurant-surrey,Japanese
Miltomates Foods,miltomates-foods-surrey,Mexican
Kerala Kitchen,kerala-kitchen-surrey,Indian
Pho Tam Restaurant,pho-tam-restaurant-surrey,Vietnamese
Salsa & Guacamole,salsa-and-guacamole-surrey,Mexican
Sushi California - Surrey,sushi-california-surrey-surrey,Japanese
Ming Yan Seafood Restaurant,ming-yan-seafood-restaurant-surrey,Chinese
Charcoal & Woodz Restaurant & Bar,charcoal-and-woodz-restaurant-and-bar-surrey,Pizza
Wing'N It Express,wingn-it-express-surrey,Chicken Wings
Porto Fino Express,porto-fino-express-surrey,Pizza
East Meets West,east-meets-west-langley-3,Asian Fusion
The Spud Shack Fry,the-spud-shack-fry-new-westminster-2,Belgian
Taste of Himalayas,taste-of-himalayas-surrey,Himalayan/Nepalese
WhataFood Brazilian Street Food,whatafood-brazilian-street-food-new-westminster,Brazilian
The Momo Grill,the-momo-grill-surrey,Himalayan/Nepalese
Pelican Rouge Fish & Chips,pelican-rouge-fish-and-chips-surrey-2,Fish & Chips
Mek's Delight,meks-delight-surrey,Thai
IHOP,ihop-surrey-3,Breakfast & Brunch
Altmaerker German Sausage House And Deli,altmaerker-german-sausage-house-and-deli-delta,Delis
Mongo Bongo,mongo-bongo-new-westminster,Mongolian
Big Chicken Town,big-chicken-town-surrey,Korean
Delitalia Fine Foods,delitalia-fine-foods-surrey,Delis
Jade Valley Restaurant,jade-valley-restaurant-surrey,Chinese
Verandah - Cafe by the Beach,verandah-cafe-by-the-beach-white-rock,Indian
The Chopped Leaf,the-chopped-leaf-cloverdale,Cafes
The Samosa House,the-samosa-house-surrey-2,Indian
My Shanti,my-shanti-surrey,Indian
West Village Cafe,west-village-cafe-surrey,Sandwiches
S+L Kitchen & Bar Langley,s-l-kitchen-and-bar-langley-langley-4,Steakhouses
Kelly’s Restaurant,kelly-s-restaurant-surrey,Indian
Lee Gar Nei,lee-gar-nei-surrey,Korean
Village Curry,village-curry-surrey,Indian
The Indian Club,the-indian-club-surrey-2,Indian
Cactus Club Cafe,cactus-club-cafe-delta,Canadian (New)
Sushi Shogun,sushi-shogun-surrey,Sushi Bars
The Katsu  Japanese Cutlet House,the-katsu-japanese-cutlet-house-langley-2,Japanese
Grounds & Greens,grounds-and-greens-white-rock,Vegan
Greek Fellas Restaurant,greek-fellas-restaurant-delta,Greek
Green Lettuce Indian Style Chinese Restaurant,green-lettuce-indian-style-chinese-restaurant-surrey-2,Indian
Atlas Steak + Fish,atlas-steak-fish-langley,Steakhouses
Golden Panda Restaurant,golden-panda-restaurant-surrey-2,Chinese
Washington Avenue Grill,washington-avenue-grill-white-rock,Seafood
Ustaad G76,ustaad-g76-surrey,Indian
Umami Ramen And Grill,umami-ramen-and-grill-surrey,Ramen
Kozak Ukranian Eatery,kozak-ukranian-eatery-new-westminster,Bakeries
Rasoi Restaurant,rasoi-restaurant-south-surrey,Indian
Piva Modern Italian,piva-modern-italian-new-westminster,Italian
Twin Bridges Restaurant and Catering,twin-bridges-restaurant-and-catering-delta,Breakfast & Brunch
Sal y Limon,sal-y-limon-surrey,Mexican
Bubble World,bubble-world-surrey,Taiwanese
MasQueSolo,masquesolo-surrey,Sushi Bars
Epic Grill Silogs + Sans Rival,epic-grill-silogs-sans-rival-new-westminster,Filipino
Bon Ga Korean Restaurant,bon-ga-korean-restaurant-surrey,Korean
Planet India,planet-india-surrey,Indian
Umami Sushi,umami-sushi-surrey,Sushi Bars
Moby Dick,moby-dick-white-rock,Seafood
Lighthouse,lighthouse-surrey,Indian
Menz Noodle House 面子,menz-noodle-house-面子-surrey,Chinese
The Barley Merchant,the-barley-merchant-langley,Burgers
D Roti Shak,d-roti-shak-new-westminster,Caribbean
Akedo Showten Ramen + Gyoza,akedo-showten-ramen-gyoza-langley,Ramen
JAPADOG,japadog-surrey-4,Food Trucks
Chicko Chicken,chicko-chicken-white-rock-2,Korean
strEATS,streats-surrey-3,American
Venetis Restaurant Steak & Seafood House,venetis-restaurant-steak-and-seafood-house-langley,Seafood
New Parmar Sweets & Restaurant,new-parmar-sweets-and-restaurant-surrey,Indian
Hellcrust Pizza,hellcrust-pizza-surrey-2,Pizza
Delight Street Eats,delight-street-eats-delta,Indian
King Sweets,king-sweets-surrey,Bakeries
Olive Garden Italian Restaurant,olive-garden-italian-restaurant-langley-3,Italian
Black Market Supper Club,black-market-supper-club-surrey,Pop-Up Restaurants
Isshin Sushi,isshin-sushi-surrey,Japanese
Chic Chic Chicken,chic-chic-chicken-surrey,Burgers
Ding Sushi Japanese Restautant,ding-sushi-japanese-restautant-surrey,Japanese
Pelicana Chicken,pelicana-chicken-surrey,Chicken Shop
Krispy Samonsa,krispy-samonsa-surrey,Indian
Sammy J's Grill & Bar,sammy-js-grill-and-bar-surrey-5,Bars
Mashawee Lebanese Grill,mashawee-lebanese-grill-white-rock,Lebanese
Obanhmi,obanhmi-surrey-3,Vietnamese
Panorama Indian Lounge,panorama-indian-lounge-surrey-2,Indian
Red Rose Restaurant,red-rose-restaurant-south-surrey-white-rock,Indian
Food by Fanta,food-by-fanta-langley,Canadian (New)
Ustaad G 76,ustaad-g-76-surrey-2,Indian
Asian Jazz,asian-jazz-delta,Asian Fusion
Skewer Grill,skewer-grill-surrey,American
Cora,cora-surrey,Breakfast & Brunch
The Old Bavaria Haus,the-old-bavaria-haus-new-westminster-3,German
GNJ Vegetarian Bistro,gnj-vegetarian-bistro-surrey,Vegetarian
Popeyes Louisiana Kitchen,popeyes-louisiana-kitchen-surrey-3,Chicken Shop
Hot & Toasty Cafe,hot-and-toasty-cafe-langley-2,Breakfast & Brunch
Rosie's Country Cafe,rosies-country-cafe-surrey,Cafes
Ban Chok Dee Thai Cuisine-Langley,ban-chok-dee-thai-cuisine-langley-langley-2,Thai
Ken's Cafe,kens-cafe-surrey,American
Red Shiso,red-shiso-surrey,Japanese
Longtail Kitchen,longtail-kitchen-new-westminster,Thai
Shiraz Grill,shiraz-grill-langley,Persian/Iranian
Adelicia's,adelicias-langley,Mexican
Nha Toi Boutique Cafe and Truedan,nha-toi-boutique-cafe-and-truedan-surrey,Vietnamese
Don Asian Kitchen,don-asian-kitchen-surrey,Chinese
Time To Grill,time-to-grill-surrey,Pakistani
The Buffet,the-buffet-new-westminster,Buffets
Shannon Donair,shannon-donair-surrey,Turkish
Shang Noodle House,shang-noodle-house-new-westminster,Chinese
Artusi Restaurant,artusi-restaurant-new-westminster,Italian
Dawood's Pizza,dawoods-pizza-surrey,Pizza
Namdhari’s Restaurant,namdhari-s-restaurant-surrey,Vegetarian
Bigboy's Chigs To Go,bigboys-chigs-to-go-langley,Filipino
Tandoori Flame,tandoori-flame-delta-2,Indian
The Real Patty Co,the-real-patty-co-delta-2,Caribbean
Guildford Station Pub,guildford-station-pub-surrey,Pubs
Cheesey Pizza Corner,chessey-pizza-corner-surrey,Pizza
Spice Kings Bistro,spice-kings-bistro-surrey,Indian
Layalina Restaurant,layalina-restaurant-surrey,Middle Eastern
Tasty Donair,tasty-donair-surrey-2,Donairs
The Altitude Foods,the-altitude-foods-surrey,Food Stands
Papa's Box,papas-box-surrey,Korean
Belle's Cafe,belles-cafe-surrey,Cafes
Jin Soo Sung Chan Korean Restaurant,jin-soo-sung-chan-korean-restaurant-surrey,Korean
Original Joe's Restaurant & Bar,original-joes-restaurant-and-bar-surrey-2,Bars
Paanwala Of Surrey,paanwala-of-surrey-surrey,Desserts
Masala Hut,masala-hut-surrey,Street Vendors
Bunkers Bar & Grill,bunkers-bar-and-grill-surrey,Canadian (New)
Spice Republic,spice-republic-surrey,Indian
Sushi Wara,sushi-wara-delta,Japanese
Prinkle Chicken,prinkle-chicken-surrey,Chicken Shop
Pho Sunrise,pho-sunrise-surrey,Vietnamese
Five Corners Vietnamese Restaurant,five-corners-vietnamese-restaurant-white-rock-4,Vietnamese
Emilio Finatti Pizzeria - Langley,emilio-finatti-pizzeria-langley-langley,Pizza
Donair Bite,donair-bite-delta,Falafel
Hawthorne Beer Market & Bistro,hawthorne-beer-market-and-bistro-surrey,Bistros
White Spot Panorama,white-spot-panorama-surrey,Breakfast & Brunch
Taka's Sushi,takas-sushi-white-rock,Sushi Bars
Browns Socialhouse Sun:shine Hills,browns-socialhouse-sun-shine-hills-delta,Canadian (New)
Sushi King George,sushi-king-george-surrey,Sushi Bars
Kids Play Cafe & Cafe Artistico,kids-play-cafe-and-cafe-artistico-surrey,Cafes
Beavertails,beavertails-white-rock,Desserts
Crescent Beach Bistro,crescent-beach-bistro-surrey,Seafood
Dragon's Chop Suey House,dragons-chop-suey-house-surrey,Chinese
Crispy Falafel,crispy-falafel-surrey,Falafel
Re-Up BBQ,re-up-bbq-new-westminster,Barbeque
Priya's Satvik Kitchen,priyas-satvik-kitchen-surrey,Food Delivery Services
Fishermans Chinese Fusion,fishermans-chinese-fusion-surrey,Chinese
El Santo,el-santo-new-westminster,Mexican
CHITOS chicken,chitos-chicken-langley-city,Chicken Shop
Mauna Sushi,mauna-sushi-surrey,Sushi Bars
The Samosa House,the-samosa-house-surrey-3,Indian
Chipotle Mexican Grill,chipotle-mexican-grill-surrey-3,Mexican
Barcelos Flame Grilled Chicken,barcelos-flame-grilled-chicken-surrey-4,Portuguese
Ocean Park Pizza & Village Pub,ocean-park-pizza-and-village-pub-surrey,Pizza
strEATS,streats-surrey,Poutineries
Nanay Kitchen,nanay-kitchen-langley,Filipino
Tandoori Flare,tandoori-flare-surrey,Indian
Spice 72 Indian Restaurant & Lounge,spice-72-indian-restaurant-and-lounge-surrey,Indian
Steve’s Poké Bar,steve-s-poké-bar-surrey,Hawaiian
Fatburger,fatburger-surrey-6,Burgers
Mumbai Hut,mumbai-hut-surrey,Indian
Annora Restaurant,annora-restaurant-langley,Canadian (New)
Cornerstone Cafe,cornerstone-cafe-langley,Cafes
Coast & Country Caterers,coast-and-country-caterers-surrey,Diners
All Around Pizza,all-around-pizza-surrey,Pizza
Chicago's Pizza Twist,chicagos-pizza-twist-surrey-5,Pizza
EMW,emw-langley,Vietnamese
Cactus Club Cafe,cactus-club-cafe-langley,Canadian (New)
Dragon Wok,dragon-wok-surrey-2,Indian
Akasaka Japanese Restaurant,akasaka-japanese-restaurant-surrey-2,Japanese
One20 Public House,one20-public-house-delta,Pubs
Fox & Fiddle,fox-and-fiddle-surrey,Pubs
Down 2 Earth Plant Parlour,down-2-earth-plant-parlour-langley-city,Vegan
Sidebar Grill,sidebar-grill-langley-township,Cocktail Bars
Don Chepe's Restaurant,don-chepes-restaurant-new-westminster,Salvadoran
Chefs Kebab,chefs-kebab-surrey,Indian
Happy Jack's Cafe,happy-jacks-cafe-surrey,Cafes
Mary Brown's,mary-browns-surrey,Chicken Shop
Momo Station,momo-station-surrey,Himalayan/Nepalese
No. 24 Cafe & Bistro,no-24-cafe-and-bistro-surrey,Cafes
Egg Bomb,egg-bomb-langley,Breakfast & Brunch
Must Sandwich & Bar,must-sandwich-and-bar-white-rock,Bubble Tea
S K Grill Restaurant,s-k-grill-restaurant-surrey,Halal
Coney Island Seafood,coney-island-seafood-white-rock,Seafood
North Noodle House,north-noodle-house-new-westminster,Chinese
Kawawa Ramen,kawawa-ramen-surrey,Ramen
gastronomia Italia,gastronomia-italia-new-westminster,Delis
Empanada Gals,empanada-gals-new-westminster,Argentine
Emilio Finatti Sicilian Pizzeria,emilio-finatti-sicilian-pizzeria-white-rock,Pizza
Bahubali Biryani House,bahubali-biryani-house-delta,Indian
Veer Ji Fish n' Grill,veer-ji-fish-n-grill-surrey,Indian
New Town Bakery & Restaurant,new-town-bakery-and-restaurant-surrey,Bakeries
Neptune Palace Restaurant,neptune-palace-restaurant-surrey,Dim Sum
Uncle's Fish and Chips,uncles-fish-and-chips-delta,Fish & Chips
Akasiaa Garden of Korean Taste,akasiaa-garden-of-korean-taste-surrey-2,Korean
White Spot -  Scott & 72nd,white-spot-scott-and-72nd-delta,Burgers
MaguroGuy,maguroguy-surrey,Japanese
Charlie Don't Surf,charlie-dont-surf-white-rock,Seafood
Moxies,moxies-langley,Canadian (New)
Mokran,mokran-langley,Korean
Rice and Noodles,rice-and-noodles-burnaby,Thai
Big Star Sandwich,big-star-sandwich-surrey,Sandwiches
Sanhao BBQ Delight,sanhao-bbq-delight-surrey,Chinese
WINGS - Surrey,wings-surrey-surrey,Chicken Wings
Sunflower Cafe,sunflower-cafe-surrey,Cafes
Pizza 82,pizza-82-surrey,Chinese
Sushi Street,sushi-street-surrey,Japanese
Ramen Bella,ramen-bella-langley-city,Ramen
Kushi Mura Japanese Izakaya,kushi-mura-japanese-izakaya-new-westminster-2,Sushi Bars
AKD Kitchen,akd-kitchen-new-westminster,Soup
Hungry Eats,hungry-eats-surrey-2,Breakfast & Brunch
The Bistro,the-bistro-langley,Bistros
Lhy Thai Restaurant,lhy-thai-restaurant-burnaby,Thai
Ta-ke Sushi Japanese Restaurant,ta-ke-sushi-japanese-restaurant-surrey,Sushi Bars
Ming Shing Restaurant,ming-shing-restaurant-surrey,Chinese
Migoto Sushi,migoto-sushi-surrey,Sushi Bars
Karachi Flame,karachi-flame-surrey,Halal
Chatora Restaurant,chatora-restaurant-surrey,Indian
Mai's Vietnamese Restaurant,mais-vietnamese-restaurant-langley,Vietnamese
The Best Grill,the-best-grill-langley,Diners
Pho Tau Bay,pho-tau-bay-surrey-2,Vietnamese
Oh Sahimi,oh-sahimi-surrey,Japanese
Hellcrust Pizza,hellcrust-pizza-langley,Pizza
The Wafflers,the-wafflers-white-rock,Coffee & Tea
Kappa Japanese Restaurant,kappa-japanese-restaurant-white-rock,Japanese
Mary Brown's,mary-browns-delta,Chicken Shop
The Old Spaghetti Factory,the-old-spaghetti-factory-langley,Italian
YL's Curry Bowl,yls-curry-bowl-surrey,Malaysian
Donair Dude,donair-dude-surrey,Mediterranean
Aha Indian Food Paradise,aha-indian-food-paradise-surrey,Desserts
Noodlebox,noodlebox-surrey,Asian Fusion
The Boathouse Restaurant,the-boathouse-restaurant-white-rock,Seafood
Tae Yang Gak,tae-yang-gak-surrey-2,Korean
Citrus Bar & Grill,citrus-bar-and-grill-surrey,Tapas Bars
Sirka - Langley,sirka-langley-langley-township,Indian
Denny's,dennys-surrey,Diners
Fong's Eatery,fongs-eatery-surrey,Chinese
Angelina's,angelinas-new-westminster-2,Breakfast & Brunch
Donair Affair,donair-affair-delta,Canadian (New)
Combine Cafe & Bar,combine-cafe-and-bar-surrey,Canadian (New)
Olivo Cafe,olivo-cafe-surrey,Breakfast & Brunch
Patsara Thai Restaurant,patsara-thai-restaurant-new-westminster,Thai
Triple O's,triple-os-surrey-2,American
Pho 68,pho-68-surrey,Vietnamese
Quesada Burritos & Tacos,quesada-burritos-and-tacos-surrey,Mexican
Manchu & Masala,manchu-and-masala-delta,Asian Fusion
Pamir Diner,pamir-diner-delta,Afghan
Skobi Sushi and Korean BBQ,skobi-sushi-and-korean-bbq-langley-township,Korean
On Yuen Chinese Resturant,on-yuen-chinese-resturant-surrey,Chinese
The Keg Steakhouse + Bar,the-keg-steakhouse-bar-surrey-8,Steakhouses
Harbour House Crescent Beach,harbour-house-crescent-beach-surrey,Japanese
HellCrust Pizza,hellcrust-pizza-langley-township,Pizza
Primo's Mexican Grill,primos-mexican-grill-white-rock,Mexican
MIXT Lobby Lounge,mixt-lobby-lounge-surrey,Canadian (New)
Ethical Addiction Apparel & Dudes Coffee House,ethical-addiction-apparel-and-dudes-coffee-house-surrey,Coffee & Tea
Zaaki Cuisine,zaaki-cuisine-new-westminster-2,Donairs
Big Star Sandwich Co,big-star-sandwich-co-surrey-2,Sandwiches
Red Baron Restaurant,red-baron-restaurant-surrey,Fish & Chips
Connect Cafe,connect-cafe-surrey,Bakeries
The Village Barbeque,the-village-barbeque-surrey-2,Barbeque
Al-Rayyan Halal Foods,al-rayyan-halal-foods-langley,Butcher
Browns Socialhouse Maple Ridge,browns-socialhouse-maple-ridge-maple-ridge,Canadian (New)
B & B Restaurant,b-and-b-restaurant-surrey,Indian
Vera's Burger Shack,veras-burger-shack-surrey-4,Burgers
Kiki's Restaurant,kikis-restaurant-surrey,Mediterranean
Bento Sushi,bento-sushi-white-rock,Sushi Bars
Prairie Donair,prairie-donair-white-rock,Poutineries
Browns Socialhouse Semiahmoo,browns-socialhouse-semiahmoo-surrey,Canadian (New)
Leon's Cafe,leons-cafe-surrey,Breakfast & Brunch
CCTV Chinese Restaurant,cctv-chinese-restaurant-white-rock,Chinese
Chicko Chicken Korean Style,chicko-chicken-korean-style-burnaby,Korean
WTF Burger & Fries,the-henry-cloverdale,Bars
Lee Yuen Seafood Restaurant,lee-yuen-seafood-restaurant-surrey,Seafood
Sip & Savor Cafe,sip-and-savor-cafe-surrey,Coffee & Tea
Port Kells Cafeteria,port-kells-cafeteria-surrey,Restaurants
Ronnie's Restaurant,ronnies-restaurant-surrey,Restaurants
Glenwood Pizza & Curry House,glenwood-pizza-and-curry-house-surrey,Pizza
L’Onore Pizza,l-onore-pizza-new-westminster,Pizza
Tandoori Town Indian Kitchen,tandoori-town-indian-kitchen-surrey,Indian
Kwantlen,kwantlen-surrey,Indian
Sakuya,sakuya-surrey,Japanese
Lee Yuen Seafood Restaurant,lee-yuen-seafood-restaurant-surrey-bc,Chinese
Lizziano Kitchen,lizziano-kitchen-surrey,African
Hanaya Japanese Restaurant,hanaya-japanese-restaurant-surrey,Japanese
Spice of Punjab,spice-of-punjab-surrey,Indian
Cilantro Indian Cuisine,cilantro-indian-cuisine-white-rock,Indian
Pizzeria Ludica,pizzeria-ludica-new-westminster,Pizza
Ali's Authentic Donair,alis-authentic-donair-surrey,Donairs
Saravanaa Bhavan,saravanaa-bhavan-delta,Indian
Shahrayar Grill House,shahrayar-grill-house-surrey,Middle Eastern
DL Chicken,dl-chicken-new-westminster,Chicken Shop
Pho 99,pho-99-surrey-2,Vietnamese
Boston Pizza,boston-pizza-surrey-4,Pizza
Stacked Pancake & Breakfast House,stacked-pancake-and-breakfast-house-langley-township,Breakfast & Brunch
Second Home Curry Takeout,second-home-curry-takeout-surrey,Indian
Krishnas Curry & Crepes House,krishnas-curry-and-crepes-house-surrey,Indian
Apna Chaat House,apna-chaat-house-surrey,Indian
Republica Coffee Roasters Cloverdale,republica-coffee-roasters-cloverdale-surrey,Coffee & Tea
Roadhouse Grille,roadhouse-grille-surrey,Canadian (New)
Donair Zone,donair-zone-white-rock-2,Mediterranean
Pho Queen,pho-queen-surrey,Vietnamese
Lighthouse restaurant,lighthouse-restaurant-surrey,Indian
Morgans Restaurant and Wine Bar,morgans-restaurant-and-wine-bar-surrey,Wine Bars
Al & Jan's Fish & Chips,al-and-jans-fish-and-chips-surrey,Seafood
Vlassis Souvlaki & Greek Taverna,vlassis-souvlaki-and-greek-taverna-surrey-2,Greek
Hunger Strike By Brown Touch,hunger-strike-by-brown-touch-langley,Indian
Scotts Landing Fish and Chips,scotts-landing-fish-and-chips-surrey,Fish & Chips
Onyx Steakhouse & Lounge,onyx-steakhouse-and-lounge-white-rock,Steakhouses
Rvegan Tour,rvegan-tour-surrey,Food Delivery Services
Satya Asha,satya-asha-surrey-2,Indian
Noodles To Go,noodles-to-go-new-westminster,Noodles
Chatora's,chatoras-surrey,Indian
Earls Kitchen + Bar,earls-kitchen-bar-surrey,Canadian (New)
Porto Fino Express,porto-fino-express-surrey-3,Italian
Quesada Burritos & Tacos,quesada-burritos-and-tacos-surrey-4,Mexican
Viet Houng Asian Flavor Deli,viet-houng-asian-flavor-deli-surrey,Vietnamese
Cafe Mellow,cafe-mellow-langley-township,Cafes
U R Restaurant,u-r-restaurant-surrey,Middle Eastern
Royal Paan,royal-paan-surrey,Indian
Stomping Grounds,stomping-grounds-pitt-meadows-4,Cafes
The Keg Steakhouse Bar - Morgan Creek,the-keg-steakhouse-bar-morgan-creek-surrey-4,Bars
Dublin Crossing Irish Pub,dublin-crossing-irish-pub-surrey,Irish
Chands,chands-delta-2,Chinese
Elvis Pizza,elvis-pizza-surrey,Pizza
Bubble Waffle Cafe,bubble-waffle-cafe-surrey,Waffles
Tasty Donair,tasty-donair-delta,Donairs
Quesada Burritos & Tacos,quesada-burritos-and-tacos-surrey-5,Mexican
Zaiqa Halal Bbq Restaurant,zaiqa-halal-bbq-restaurant-surrey,Indian
Akasiaa Garden of Korean Taste,akasiaa-garden-of-korean-taste-surrey,Korean
WTF Burger & Fries,wtf-burger-and-fries-langley,Burgers
Papa Johns Pizza,papa-johns-pizza-langley-2,Pizza
Kami Sushi,kami-sushi-surrey,Japanese
Nila Dosa & Curry,nila-dosa-and-curry-surrey,Indian
Brownvibe Cafe,brownvibe-cafe-surrey,Cafes
Taverna Greka Restaurant,taverna-greka-restaurant-new-westminster,Greek
Syrian Gourmet,syrian-gourmet-surrey,Desserts
The Fish Net Seafood Restaurant,the-fish-net-seafood-restaurant-surrey,Seafood
Mummy Di Rasoi Tiffin Service,mummy-di-rasoi-tiffin-service-surrey,Food Delivery Services
WAG Washington Avenue Grill,wag-washington-avenue-grill-white-rock,American
Sushi & Roll,sushi-and-roll-surrey,Japanese
Damiko Sushi,damiko-sushi-surrey,Japanese
Ming Fung Restaurant,ming-fung-restaurant-surrey,Chinese
Pho Stanley Restaurant,pho-stanley-restaurant-delta,Vietnamese
Pizza Hut,pizza-hut-surrey-14,Pizza
Nagoya Sushi,nagoya-sushi-surrey-2,Japanese
Little Greek Restaurant,little-greek-restaurant-surrey,Greek
Miraku Japanese Restaurant,miraku-japanese-restaurant-langley,Japanese
The Roadrunner Restaurant,the-roadrunner-restaurant-langley,Breakfast & Brunch
Duffey's Sports Grill,duffeys-sports-grill-surrey,Canadian (New)
Popeyes Louisiana Kitchen,popeyes-louisiana-kitchen-surrey-4,Fast Food
Pepperoni Cafe Pizzeria & Eatery,pepperoni-cafe-pizzeria-and-eatery-surrey,Pizza
Pho 777 Vietnamese Restaurant,pho-777-vietnamese-restaurant-white-rock,Vietnamese
Cockney Kings Fish & Chips,cockney-kings-fish-and-chips-new-westminster-2,Fish & Chips
Masala Boyz Indian Lounge & Bar,masala-boyz-indian-lounge-and-bar-langley,Indian
Veerji,veerji-surrey,Indian
Indigo Cafe,indigo-cafe-surrey,Cafes
Stefanos Restaurant,stefanos-restaurant-new-westminster,Greek
Todai Sushi,todai-sushi-delta-4,Japanese
Chipotle Mexican Grill - Coming Soon,chipotle-mexican-grill-coming-soon-surrey-3,Mexican
Amritsari Chaat Bhandar,amritsari-chaat-bhandar-surrey,Indian
Lucky Horse Restaurant,lucky-horse-restaurant-surrey,Chinese
Popular Pizza,popular-pizza-surrey-2,Pizza
Fleetwood Sushi,fleetwood-sushi-surrey-2,Japanese
Steven's Cocktail Corner Bar + Kitchen,stevens-cocktail-corner-bar-kitchen-langley,Comfort Food
JAV'S Kaldero Authentic Filipino Cuisine,javs-kaldero-authentic-filipino-cuisine-surrey,Filipino
Chicago's Pizza Twist,chicagos-pizza-twist-surrey-7,Pizza
Fresgo Inn Restaurant,fresgo-inn-restaurant-surrey,Diners
Bento Sushi,bento-sushi-delta,Sushi Bars
Rozzini's Restaurant,rozzinis-restaurant-new-westminster,Greek
Donair & Kebab Extreme Shawarma Restaurant,donair-and-kebab-extreme-shawarma-restaurant-surrey,Middle Eastern
Loz Takos,loz-takos-langley-4,Mexican
Tomu Sushi Japanese Restaurant,tomu-sushi-japanese-restaurant-surrey-2,Japanese
Yamako Japanese Restaurant,yamako-japanese-restaurant-surrey,Japanese
The Railway Cafe,the-railway-cafe-surrey,Comfort Food
Golden Medal Restaurant,golden-medal-restaurant-langley,Chinese
strEATS,streats-langley-2,Mexican
Alebi African Cuisine,alebi-african-cuisine-surrey,African
Jan's On the Beach,jans-on-the-beach-white-rock-2,Breakfast & Brunch
Cosmos Restaurant,cosmos-restaurant-white-rock,Greek
Church's Chicken,churchs-chicken-surrey-6,Fast Food
Showshaa - The Modern Taproom,showshaa-the-modern-taproom-surrey-2,Indian
Di Reggae Cafe,di-reggae-cafe-surrey,Caribbean
Shahrazad,shahrazad-langley,Middle Eastern
The Great Pizza,the-great-pizza-surrey,Pizza
Boomy's Diner,boomys-diner-surrey,Diners
Andreas Restaurant,andreas-restaurant-langley,Steakhouses
Boston Pizza,boston-pizza-surrey-7,Pizza
Ban Chok Dee Thai Cuisine-Maple Ridge,ban-chok-dee-thai-cuisine-maple-ridge-maple-ridge-2,Thai
India Chaat House and Restaurant,india-chaat-house-and-restaurant-white-rock,Indian
Sweets 64,sweets-64-surrey,Indian
Little India,little-india-white-rock,Indian
Camy's Pizza,camys-pizza-langley,Pizza
Pho Newton,pho-newton-surrey,Vietnamese
Auntie's Canteen,aunties-canteen-new-westminster,Food Delivery Services
Pho Angkor Noodle House,pho-angkor-noodle-house-new-westminster,Vietnamese
Firecrust,firecrust-langley,Pizza
Massawa Restaurant,massawa-restaurant-new-westminster,Ethiopian
Redbeef Noodle Express,redbeef-noodle-express-new-westminster,Noodles
Sahota's Live Grill,sahotas-live-grill-surrey,Indian
Taqueria Playa Tropical,taqueria-playa-tropical-new-westminster,Mexican
Nordel Sushi,nordel-sushi-surrey,Japanese
Indian Haveli,indian-haveli-surrey-2,Indian
Donair Hut,donair-hut-langley,Greek
Chicko Chicken Korean Style,chicko-chicken-korean-style-pitt-meadows,Korean
Ocean Park Pizza & Steak House,ocean-park-pizza-and-steak-house-brookswood,Italian
China Village Restaurant,china-village-restaurant-surrey,Chinese
Ustaad G Indian Cuisine,ustaad-g-indian-cuisine-surrey-2,Indian
Desi Bites,desi-bites-surrey,Indian
Chutneys Indian Grill,chutneys-indian-grill-surrey,Indian
Co Chau,co-chau-new-westminster,Vietnamese
Dhaliwal's Lounge,dhaliwals-lounge-surrey,Indian
Fast Donair and Falafel,fast-donair-and-falafel-surrey,Donairs
Pho Canada,pho-canada-surrey,Vietnamese
Kumare Restaurant & Bakery,kumare-restaurant-and-bakery-delta,Filipino
Match Eatery & Public House,match-eatery-and-public-house-new-westminster,Canadian (New)
Subway,subway-surrey-7,Sandwiches
LA Tandoori,la-tandoori-surrey,Indian
Everbean Cafe,everbean-cafe-surrey,Coffee & Tea
Jaipur Indian Cuisine,jaipur-indian-cuisine-surrey,Indian
Golden Medal Restaurant,golden-medal-restaurant-surrey,Chinese
XI YU Restaurant,xi-yu-restaurant-surrey,Chinese
The Boathouse Restaurant,the-boathouse-restaurant-new-westminster,Seafood
Aggarwal Sweets,aggarwal-sweets-surrey,Indian
Thali Sweets & Grill,thali-sweets-and-grill-surrey,Indian
Sushi Mori,sushi-mori-surrey,Japanese
Victory Coffee + Kitchen,victory-coffee-kitchen-langley-township,Coffee & Tea
Nando's Peri-Peri,nandos-peri-peri-surrey-4,Portuguese
Pakwan,pakwan-surrey,Indian
104 Sushi & Co,104-sushi-and-co-surrey,Japanese
Dudes Coffee House,dudes-coffee-house-surrey,Coffee & Tea
Punjabi Tadka Pick & Go,punjabi-tadka-pick-and-go-surrey,Indian
Obanhmi,obanhmi-langley-city,Sandwiches
Café 8,café-8-white-rock,Cafes
Harbin Red Sausage,harbin-red-sausage-surrey,Chinese
Desh Punjab Sweets & Restaurant,desh-punjab-sweets-and-restaurant-surrey,Indian
Tastefully Yours By Jeff,tastefully-yours-by-jeff-surrey,Cafes
Spent Grounds,spent-grounds-surrey,Coffee Roasteries
Golden Samosa Bakery,golden-samosa-bakery-surrey-2,Indian
A&W,a-and-w-surrey-8,Fast Food
Clancy's Tea Cosy,clancys-tea-cosy-white-rock,Coffee & Tea
Super Vege Pizza,super-vege-pizza-surrey,Pizza
The Mad Italian Pizza & Pints,the-mad-italian-pizza-and-pints-langley-township-2,Pizza
Famoso Neapolitan Pizzeria,famoso-neapolitan-pizzeria-surrey-4,Pizza
Royal Indian Chef and Sweets,royal-indian-chef-and-sweets-surrey-2,Indian
Tim Hortons,tim-hortons-surrey-7,Coffee & Tea
Domino's Pizza,dominos-pizza-surrey-2,Pizza
Hub Restaurant New West,hub-restaurant-new-west-new-westminster-3,Canadian (New)
Milestones,milestones-surrey-5,Comfort Food
Vadapav Mirchi By Geeta,vadapav-mirchi-by-geeta-new-westminster,Indian
YourOh! Deli,youroh-deli-langley-2,Delis
Bin 101 Wine & Tapas Bar,bin-101-wine-and-tapas-bar-white-rock,Tapas Bars
Neptune Wonton Noodle,neptune-wonton-noodle-surrey,Noodles
Sapphire2bistro,sapphire2bistro-surrey,Cocktail Bars
Nando's Peri-Peri,nandos-peri-peri-surrey-3,Chicken Shop
A&W,a-and-w-surrey,Fast Food
Pasta Polo,pasta-polo-langley,Italian
Shawarma Corner,shawarma-corner-new-westminster,Donairs
Fresh Cup Roastery Café,fresh-cup-roastery-café-surrey-3,Coffee Roasteries
Bangkok Kitchen,bangkok-kitchen-langley,Thai
Denny’s,denny-s-surrey,Breakfast & Brunch
Jokim Kitchen,jokim-kitchen-new-westminster,Vietnamese
Jojo's Chicken Shack,jojos-chicken-shack-surrey,Chicken Wings
Tomato’s,tomato-s-surrey,Desserts
Pho Hillton Restaurant,pho-hillton-restaurant-surrey,Vietnamese
Moonlight Delight,moonlight-delight-surrey,Indian
Abu’s Kitchen,abu-s-kitchen-surrey,Food Delivery Services
Chai Shai,chai-shai-surrey,Food Delivery Services
Chamnamoo Korean Restaurant,chamnamoo-korean-restaurant-langley,Korean
Mirch Masala Indian Cuisine,mirch-masala-indian-cuisine-delta,Indian
Noma Japanese Restaurant,noma-japanese-restaurant-langley,Japanese
Mr. Lunch,mr-lunch-maple-ridge-8,Sandwiches
Red Racer Roadside Diner,red-racer-roadside-diner-surrey,Burgers
Shalimar Paan & Ice Cream Bar,shalimar-paan-and-ice-cream-bar-surrey,Ice Cream & Frozen Yogurt
Royal Oak,royal-oak-surrey,Pizza
fritou,fritou-surrey,Chicken Shop
Butterica Foods,butterica-foods-new-westminster,Indian
Momotaro Japanese Restaurant,momotaro-japanese-restaurant-surrey,Japanese
Galini Greek Kouzina & Grill,galini-greek-kouzina-and-grill-surrey,Greek
HellCrust Pizza - Surrey,hellcrust-pizza-surrey-surrey,Pizza
V Cafe,v-cafe-new-westminster,Vietnamese
Desi Rasoi,desi-rasoi-surrey,Coffee & Tea
Kirin Restaurant,kirin-restaurant-new-westminster,Seafood
Union Latinos Food,union-latinos-food-surrey,Spanish
Blaze Pizza,blaze-pizza-surrey-2,Salad
Boston Pizza,boston-pizza-surrey-5,Pizza
Asian Noodle Island,asian-noodle-island-surrey,Noodles
Pizza Garden,pizza-garden-langley-township,Pizza
The Snappy Corner,the-snappy-corner-white-rock,Convenience Stores
Diamond Sweets Restaurant,diamond-sweets-restaurant-surrey,Indian
Sri Periyava Dosa Bhavan,sri-periyava-dosa-bhavan-surrey,Indian
Kwantlen Pizza and Sweets,kwantlen-pizza-and-sweets-surrey-3,Pizza
Dining Wok Shanghai Restaurant,dining-wok-shanghai-restaurant-white-rock,Chinese
A Kabul Shawarma Donair,a-kabul-shawarma-donair-burnaby,Mediterranean
Ocean Park Pizza & Steak House,ocean-park-pizza-and-steak-house-langley,Pizza
Sanjo Sushi Asian Cuisine,sanjo-sushi-asian-cuisine-new-westminster,Japanese
Pho' 99,pho-99-surrey,Vietnamese
Minori Japanese Restaurant,minori-japanese-restaurant-delta-3,Japanese
Udupi Palace,udupi-palace-surrey-2,Indian
Earl of Sandwich,earl-of-sandwich-langley-township,Sandwiches
Bubble World,bubble-world-new-westminster,Chinese
Yucca Tree Cafe,yucca-tree-cafe-white-rock,Coffee & Tea
The Great Indian Cuisine,the-great-indian-cuisine-surrey-2,Indian
Greek Village,greek-village-delta,Greek
La Conquistadora,la-conquistadora-surrey,Mexican
Pizza Hut,pizza-hut-surrey,Pizza
Trees Cheesecake and Organic Coffee,trees-cheesecake-and-organic-coffee-surrey,Desserts
Pizza 64,pizza-64-surrey-2,Pizza
Navraj Sweets & Restaurant,navraj-sweets-and-restaurant-surrey,Indian
Yoko Sushi & Noodle House,yoko-sushi-and-noodle-house-surrey,Japanese
B&D Authentic Viet Cuisine,b-and-d-authentic-viet-cuisine-burnaby,Vietnamese
White Spot,white-spot-surrey-4,Burgers
DilSe Multi-Cuisine Restaurant,dilse-multi-cuisine-restaurant-surrey,Indian
Noodlebox,noodlebox-langley,Asian Fusion
Ustaad G 76,ustaad-g-76-surrey,Indian
Popeyes Louisiana Kitchen,popeyes-louisiana-kitchen-langley,Fast Food
Whiskey Charlie,whiskey-charlie-pitt-meadows,Cafes
Sinaloa's Mexican Eatery,sinaloas-mexican-eatery-langley,Mexican
Popeyes,popeyes-burnaby,Chicken Wings
WTF Burger & Fries,wtf-burger-and-fries-surrey-2,Burgers
Kaffina Coffee,kaffina-coffee-surrey,Cafes
Swagat Indian Restaurant,swagat-indian-restaurant-surrey,Indian
The Old Spaghetti Factory,the-old-spaghetti-factory-new-westminster,Italian
Jagga Sweet & Cuisine,jagga-sweet-and-cuisine-delta,Indian
Taste of Pho,taste-of-pho-surrey,Vietnamese
Sub Garden,sub-garden-surrey,Sandwiches
Arisu Korean BBQ,arisu-korean-bbq-burnaby,Korean
Bhaia Sweet Shop & Catering,bhaia-sweet-shop-and-catering-surrey,Indian
Ocean Park Pizza & Steak House,ocean-park-pizza-and-steak-house-langley-2,Italian
Cafe Rosen,cafe-rosen-surrey,Coffee & Tea
Artisan Pizza,artisan-pizza-surrey,Pizza
Traditional Nata,traditional-nata-surrey,Mexican
GM Restaurant,gm-restaurant-maple-ridge,Indian
Clover Ridge Pizza,clover-ridge-pizza-surrey,Pizza
Browns Socialhouse Langley Centre,browns-socialhouse-langley-centre-langley-2,Canadian (New)
Hiel Cafe,hiel-cafe-burnaby,Cafes
Watashi Sushi & Kitchen,watashi-sushi-and-kitchen-burnaby,Sushi Bars
Kathmandu Bar & Grill,kathmandu-bar-and-grill-surrey,Himalayan/Nepalese
Bun + Burger,bun-burger-maple-ridge,Burgers
Golden Samosa Bakery,golden-samosa-bakery-surrey,Indian
Sushi Simagoya,sushi-simagoya-new-westminster,Sushi Bars
Mayuri South Indian Cuisine,mayuri-south-indian-cuisine-surrey,Indian
Pak Punjab Sweet & Samosas House,pak-punjab-sweet-and-samosas-house-surrey,Pakistani
Woking Dragon,woking-dragon-langley-township,Chinese
Top In Town Pizza,top-in-town-pizza-surrey,Pizza
Quesada Burritos and Tacos,quesada-burritos-and-tacos-burnaby-3,Fast Food
Triple D African Delicacies,triple-d-african-delicacies-surrey,Caterers
Royal Pacific Restraunt,royal-pacific-restraunt-surrey,Comfort Food
Chicago's Pizza Twist,chicagos-pizza-twist-surrey-6,Pizza
Mr Pickwick's Fish & Chips,mr-pickwicks-fish-and-chips-surrey,Seafood
Osmow's,osmows-surrey,Mediterranean
Lahori Sweets & Restaurant,lahori-sweets-and-restaurant-surrey,Halal
Mary Brown’s,mary-brown-s-surrey,Fast Food
Kwan Kee Noodle House,kwan-kee-noodle-house-surrey,Cantonese
Curry Lounge,curry-lounge-surrey,Indian
The Hide Out Cafe,the-hide-out-cafe-new-westminster,Coffee & Tea
De Dutch,de-dutch-surrey-4,Gluten-Free
Golden Lion Restaurant,golden-lion-restaurant-surrey,Chinese
Luxe Chinese Seafood Restaurant,luxe-chinese-seafood-restaurant-langley,Seafood
Gateway Pizza & Curry,gateway-pizza-and-curry-surrey,Indian
Milestones,milestones-surrey-4,Canadian (New)
Mucho Burrito Fresh Mexican Grill,mucho-burrito-fresh-mexican-grill-surrey-2,Mexican
Sockeye Sushi,sockeye-sushi-surrey-2,Sushi Bars
Finlay's East Beach Cafe,finlays-east-beach-cafe-white-rock,Cafes
Sushi Musa,sushi-musa-langley-city,Japanese
Gratia,gratia-langley,Cafes
Chipotle Mexican Grill - Coming Soon,chipotle-mexican-grill-coming-soon-surrey,Mexican
Victoria Sushi,victoria-sushi-new-westminster,Japanese
Elena's Country Kitchen,elenas-country-kitchen-surrey,Breakfast & Brunch
The Jin sushi,the-jin-sushi-surrey,Japanese
Red Rose Restaurant,red-rose-restaurant-surrey-2,Greek
Sundance Seafoods,sundance-seafoods-surrey-2,Seafood
Gateway Pizza,gateway-pizza-surrey,Pizza
Mary Brown’s Chicken,mary-brown-s-chicken-surrey-2,Chicken Shop
Village Donair And Kebab,village-donair-and-kebab-langley,Kebab
Newton Pizza,newton-pizza-surrey,Pizza
Ruben's Cafe and Food Store,rubens-cafe-and-food-store-surrey,Filipino
Five Guys,five-guys-surrey,Burgers
Wu Yang Chinese Restaurant,wu-yang-chinese-restaurant-surrey,Chinese
Curry Bistro,curry-bistro-surrey,Indian
Bento Sushi,bento-sushi-langley,Sushi Bars
The Wholebowl,the-wholebowl-surrey,Salad
Lin's Neighbourhood Chinese Kitchen,lins-neighbourhood-chinese-kitchen-langley,Chinese
The Great Indian Cuisine,the-great-indian-cuisine-surrey,Indian
Donegal's Irish House,donegals-irish-house-surrey,Burgers
PHO 777 Vietnamese Restaurant,pho-777-vietnamese-restaurant-langley-5,Vietnamese
Tim Hortons,tim-hortons-delta-2,Breakfast & Brunch
Uncle Fatih's Pizza,uncle-fatihs-pizza-surrey,Pizza
Subway,subway-surrey-38,Sandwiches
Taco Bell,taco-bell-surrey-6,Fast Food
House Of Chicken,house-of-chicken-delta,Chicken Wings
Sandcastle Bowl Bar & Grill,sandcastle-bowl-bar-and-grill-surrey,Bowling
Freshii,freshii-surrey-6,Salad
FusionCore Japanese Eatery,fusioncore-japanese-eatery-burnaby,Japanese
Chan's Palace,chans-palace-langley-2,Chinese
Crispy Falafel,crispy-falafel-surrey-2,Falafel
Five Guys,five-guys-surrey-2,Burgers
Chan's Kitchen,chans-kitchen-surrey,Food Court
Penang Szechuan Cuisine,penang-szechuan-cuisine-white-rock,Chinese
Super Pho Vietnamese Restaurant Surrey,super-pho-vietnamese-restaurant-surrey-surrey,Vietnamese
Basant Sweet House,basant-sweet-house-surrey,Restaurants
Hirame,hirame-langley,Japanese
Akane Japanese Restaurant,akane-japanese-restaurant-langley,Japanese
McDonald's,mcdonalds-surrey-15,Fast Food
The Kabab Factory,the-kabab-factory-new-westminster,Indian
Barcelos Flame Grilled Chicken,barcelos-flame-grilled-chicken-surrey-7,Portuguese
Krishna's Dosa Grill,krishnas-dosa-grill-surrey-4,Indian
Mahaveer Chefs choice,mahaveer-chefs-choice-surrey,Indian
Gravy Boat,gravy-boat-maple-ridge,Food Delivery Services
The Yellow Chilli,the-yellow-chilli-delta,Indian
Sushi Mate Japanese Restaurant,sushi-mate-japanese-restaurant-langley,Japanese
Burger Heaven,burger-heaven-new-westminster,Burgers
Pizza Avenue,pizza-avenue-surrey-2,Pizza
Tasty Planet,tasty-planet-burnaby,Indian
Big Star Sandwiches,big-star-sandwiches-new-westminster-4,Sandwiches
The Henry,the-henry-cloverdale-2,Gastropubs
Taste of Heaven,taste-of-heaven-surrey,Food Trucks
White Spot - Guildford,white-spot-guildford-surrey,Breakfast & Brunch
Aaron's Restaurant,aarons-restaurant-surrey,Italian
The Keg Steakhouse + Bar,the-keg-steakhouse-bar-langley-5,Steakhouses
Islands Café,islands-café-surrey-2,Coffee Roasteries
Kamini's Corner Cafe,kaminis-corner-cafe-new-westminster,Cafes
Pho Triple 3,pho-triple-3-langley,Vietnamese
Subway,subway-surrey-34,Sandwiches
Samosa Village,samosa-village-surrey,Indian
I Am Pho,i-am-pho-surrey,Vietnamese
Delice Pizza & Pasta,delice-pizza-and-pasta-delta-2,Pizza
MN’A Wings Corner,mn-a-wings-corner-delta,Pizza
Wild Wing,wild-wing-langley,Chicken Wings
The Chopped Leaf - Langley North,the-chopped-leaf-langley-north-langley-2,Salad
Chipotle Mexican Grill,chipotle-mexican-grill-surrey,Mexican
Columbia Street Sandwich,columbia-street-sandwich-new-westminster,Sandwiches
Kami Strawberry Hill Japanese Restaurant,kami-strawberry-hill-japanese-restaurant-surrey,Japanese
Sahota's Live Grill,sahotas-live-grill-langley,Bars
Urban Masala & Grill,urban-masala-and-grill-surrey,Indian
Browns Socialhouse Walnut Grove,browns-socialhouse-walnut-grove-langley,Canadian (New)
Mary Brown’s,mary-brown-s-surrey-2,Chicken Shop
Famoso,famoso-surrey,Pizza
Brogan's Diner,brogans-diner-langley,Diners
Cafe Nelly,cafe-nelly-surrey,Restaurants
Dhaliwal Banquet Hall,dhaliwal-banquet-hall-surrey-2,Venues & Event Spaces
Anjali's Dosa Garden,anjalis-dosa-garden-surrey,Indian
Punk Dog,punk-dog-surrey-5,Hot Dogs
Hangry Health Bar,hangry-health-bar-surrey-4,Juice Bars & Smoothies
East West Fusion Kitchen,east-west-fusion-kitchen-surrey,Sri Lankan
Boston Pizza,boston-pizza-new-westminster-3,Pizza
Kim Chi Palace Restaurant,kim-chi-palace-restaurant-surrey,Japanese
Assini Greek Restaurant,assini-greek-restaurant-surrey,Italian
Bozzinis Restaurant,bozzinis-restaurant-surrey-2,Greek
Kesari,kesari-surrey-4,Indian
Rong Rong Tea House,rong-rong-tea-house-new-westminster-3,Taiwanese
Townhall Langley,townhall-langley-langley-4,Gastropubs
Pinch of Spice,pinch-of-spice-delta,Indian
Mucho Burrito Fresh Mexican Grill,mucho-burrito-fresh-mexican-grill-surrey,Mexican
Glenwood Pizza & Pasta Shop,glenwood-pizza-and-pasta-shop-langley,Pizza
Eats 23 Pinoy Bistro,eats-23-pinoy-bistro-surrey,Filipino
Minute Bakery,minute-bakery-surrey,Bakeries
Pan2Plates,pan2plates-white-rock,Pizza
Denny's,dennys-delta-29,Diners
Namdhari's Punjabi Spice Restaurant,namdharis-punjabi-spice-restaurant-surrey,Vegetarian
Red Robin Gourmet Burgers and Brews,red-robin-gourmet-burgers-and-brews-surrey,Burgers
Sushi Gio,sushi-gio-langley-3,Sushi Bars
Lazeez Pizza & Kabob House,lazeez-pizza-and-kabob-house-surrey,Pizza
Hyack Sushi,hyack-sushi-new-westminster,Japanese
Green Indian Cuisine,green-indian-cuisine-surrey,Indian
Madina Restaurant,madina-restaurant-surrey,Halal
Veg Out,veg-out-surrey-2,Food Trucks
DineHall,dinehall-surrey,Middle Eastern
De Dutch,de-dutch-surrey-2,Breakfast & Brunch
Bengal Grill,bengal-grill-surrey,Bangladeshi
Muzaffar Raja,muzaffar-raja-surrey,Canadian (New)
Desi Tadka Indian Cuisine,desi-tadka-indian-cuisine-surrey,Indian
DQ Grill & Chill Restaurant,dq-grill-and-chill-restaurant-surrey-13,Burgers
C-Lovers Fish & Chips,c-lovers-fish-and-chips-surrey-2,Fish & Chips
Ricky's All Day Grill,rickys-all-day-grill-surrey-6,Breakfast & Brunch
Sinbad Mediterranean Grill,sinbad-mediterranean-grill-surrey,Mediterranean
Freshii,freshii-surrey-8,Salad
Passenger Cafe,passenger-cafe-new-westminster,Cafes
Boston Pizza,boston-pizza-surrey-3,Pizza
Pho Tau Bay,pho-tau-bay-surrey,Vietnamese
Taqueria Alebrijes,taqueria-alebrijes-surrey,Mexican
King Do Seafood Restaurant,king-do-seafood-restaurant-surrey,Chinese
Burger King,burger-king-surrey-3,Fast Food
Starbucks,starbucks-surrey-29,Cafes
Donair Star,donair-star-new-westminster,Middle Eastern
Select Pizza,select-pizza-surrey-2,Pizza
Fishin' Chips,fishin-chips-white-rock,Fish & Chips
Desi Dosa Madras,desi-dosa-madras-delta,Indian
Ricky's All Day Grill,rickys-all-day-grill-langley-5,Canadian (New)
Michael's Artisan Bakery & Cafe,michaels-artisan-bakery-and-cafe-surrey,Bakeries
Huong Que,huong-que-surrey,Vietnamese
White Spot - Walnut Grove,white-spot-walnut-grove-langley,Burgers
Naomi Pho Restaurant,naomi-pho-restaurant-langley,Gluten-Free
Hive Cafe,hive-cafe-new-westminster,Cafes
Freshslice Pizza,freshslice-pizza-surrey-6,Pizza
Papa John's Pizza,papa-johns-pizza-surrey-3,Pizza
BREWSTER'S PUB & LIQUOR STORE,brewsters-pub-and-liquor-store-surrey-2,Burgers
Sushi Topia,sushi-topia-surrey-2,Japanese
One Up Cafe,one-up-cafe-surrey,Cafes
Chettinad Dosa King,chettinad-dosa-king-delta,Indian
Bucky's West Coast Pizzeria,buckys-west-coast-pizzeria-surrey,Pizza
Cafe Brunch Box,cafe-brunch-box-surrey,Breakfast & Brunch
Sirka Gourmat Takeout,sirka-gourmat-takeout-surrey,Indian
Punjab Sweet House,punjab-sweet-house-surrey,Indian
Chester Chicken,chester-chicken-surrey,Fast Food
Quiznos,quiznos-surrey-2,Sandwiches
Leela Thai Restaurant,leela-thai-restaurant-white-rock-2,Thai
Prabu Sweets,prabu-sweets-surrey,Desserts
Pizza Avenue,pizza-avenue-surrey,Pizza
Pho Express Angkor,pho-express-angkor-new-westminster,Vietnamese
Viva Mexico Restaurant,viva-mexico-restaurant-langley-2,Mexican
C-Lovers Fish & Chips,c-lovers-fish-and-chips-langley-3,Seafood
Afghan Bakery & Fast Food,afghan-bakery-and-fast-food-surrey,Bakeries
Bento Sushi,bento-sushi-surrey-2,Sushi Bars
Sushi Yen,sushi-yen-new-westminster,Sushi Bars
Tastes Of Hyderabad,tastes-of-hyderabad-langley,Indian
Kwantlen,kwantlen-surrey-2,Pizza
Tim Hortons,tim-hortons-surrey-9,Coffee & Tea
Crustos Pizza & Wings,crustos-pizza-and-wings-surrey,Pizza
Morrison Cafe,morrison-cafe-surrey,Breakfast & Brunch
Little Caesars Pizza,little-caesars-pizza-surrey-2,Pizza
Casa Mia Cafe,casa-mia-cafe-surrey-2,Guamanian
Ba Le Deli & Sandwiches,ba-le-deli-and-sandwiches-surrey,Sandwiches
Kerala kitchen,kerala-kitchen-surrey-2,Indian
Amelia Restaurant,amelia-restaurant-new-westminster,American
A&W,a-and-w-surrey-16,Fast Food
Tim Hortons,tim-hortons-surrey-27,Coffee & Tea
Potato Corner - Central City,potato-corner-central-city-surrey,Fast Food
McDonald's,mcdonalds-surrey-6,Fast Food
Cora Breakfast & Lunch,cora-breakfast-and-lunch-burnaby,Breakfast & Brunch
Hi Sushi,hi-sushi-surrey,Japanese
Church's Texas Chicken,churchs-texas-chicken-surrey,Chicken Wings
Firehouse Subs,firehouse-subs-delta,Sandwiches
Katy's Restaurant,katys-restaurant-langley,American
Quiznos,quiznos-surrey-3,Sandwiches
Camy's Pizza,camys-pizza-langley-2,Pizza
King George Sweets & Restaurant,king-george-sweets-and-restaurant-surrey,Indian
Mughal Garden,mughal-garden-surrey-4,Indian
Chicken World,chicken-world-surrey,Chicken Wings
Montana's,montanas-langley-2,Comfort Food
Espresso Cafe,espresso-cafe-surrey,Cafes
The Great,the-great-surrey,Pizza
Milestones Restaurants,milestones-restaurants-langley,Bars
Dhaba 76 Indian Takeout,dhaba-76-indian-takeout-surrey,Indian
Dragon Bowl,dragon-bowl-new-westminster,Chinese
Gulberg Tandoor,gulberg-tandoor-surrey-3,Pakistani
Bento Sushi,bento-sushi-surrey,Sushi Bars
Townhall Maple Ridge,townhall-maple-ridge-maple-ridge-4,Gastropubs
Bells Bistro and Catering,bells-bistro-and-catering-langley,American
Subway,subway-surrey-17,Sandwiches
Five Corners Cafe,five-corners-cafe-white-rock,Diners
Cacao Mexican Food,cacao-mexican-food-new-westminster,Ethical Grocery
Payal chaat house,payal-chaat-house-surrey,Indian
Aka Sushi,aka-sushi-surrey,Sushi Bars
Pizza Art,pizza-art-surrey,Halal
Tobiko Sushi,tobiko-sushi-surrey,Sushi Bars
BBQTek,bbqtek-surrey,Barbeque
Captain's Nook,captains-nook-surrey-2,Cafes
Nahm Thai Bistro,nahm-thai-bistro-surrey,Thai
Browns Socialhouse Grandview Corners,browns-socialhouse-grandview-corners-surrey,Pubs
Blenz Coffee,blenz-coffee-surrey-9,Coffee & Tea
Match Eatery & Public House,match-eatery-and-public-house-langley-2,Beer Bar
Royals Pizza,royals-pizza-surrey-2,Pizza
Montgomery's Cottage Lunch,montgomerys-cottage-lunch-white-rock,Seafood
A&W,a-and-w-surrey-15,Fast Food
C & U Vietnamese Restaurant,c-and-u-vietnamese-restaurant-langley,Vietnamese
Omega Pizza & Wings,omega-pizza-and-wings-surrey,Pizza
Tengoku Sushi,tengoku-sushi-surrey-2,Sushi Bars
Chipotle Mexican Grill,chipotle-mexican-grill-langley,Fast Food
Java Hut Cafe,java-hut-cafe-surrey,Cafes
Mindful Juice Bar,mindful-juice-bar-surrey,Juice Bars & Smoothies
Pizza Hut,pizza-hut-cloverdale,Pizza
Kalash Indian Kitchen,kalash-indian-kitchen-new-westminster-2,Indian
Pho 68,pho-68-burnaby,Vietnamese
Izumo Sushi Japenese Restaurant,izumo-sushi-japenese-restaurant-surrey,Japanese
Calgary Sweets,calgary-sweets-surrey,Desserts
Saini Sweet & Restaurant,saini-sweet-and-restaurant-surrey,Indian
White Spot,white-spot-surrey-5,Canadian (New)
Bun + Burger,bun-burger-surrey,Burgers
Empire Garden Chinese Restaurant,empire-garden-chinese-restaurant-langley,Dim Sum
The Turkey House & Deli,the-turkey-house-and-deli-surrey,Delis
Hashtag Donair,hashtag-donair-langley,Middle Eastern
Island Foot Clinics - Surrey,island-foot-clinics-surrey-surrey,Noodles
Dairy Queen Grill & Chill,dairy-queen-grill-and-chill-delta-53,Fast Food
Rodem Korea,rodem-korea-surrey,Korean
Nikko Sushi,nikko-sushi-surrey,Sushi Bars
Damiko Sushi,damiko-sushi-langley,Japanese
Freshslice Pizza,freshslice-pizza-surrey-31,Pizza
Sugar Cube Cafe,sugar-cube-cafe-maple-ridge,Cafes
Lemon Bakery,lemon-bakery-langley,Bakeries
Tim Hortons,tim-hortons-surrey-34,Coffee & Tea
Pho Hoa Noodle Soup,pho-hoa-noodle-soup-surrey,Vietnamese
Pho 99,pho-99-new-westminster,Vietnamese
Sweet Revenge Bakery & Cafe,sweet-revenge-bakery-and-cafe-surrey,Cafes
Kohinoor Sweets & Restaurant,kohinoor-sweets-and-restaurant-surrey-4,Indian
De Dutch,de-dutch-surrey,Breakfast & Brunch
IHOP,ihop-white-rock,Breakfast & Brunch
Sichuan Yummy Food - Wonton House,sichuan-yummy-food-wonton-house-new-westminster-2,Chinese
Mucho Burrito Fresh Mexican Grill,mucho-burrito-fresh-mexican-grill-delta,Mexican
Freshslice Go,freshslice-go-surrey-2,Pizza
Damiano's Pizza,damianos-pizza-white-rock,Pizza
Papa Johns Pizza,papa-johns-pizza-surrey-8,Pizza
Pho 99 Delta,pho-99-delta-delta,Vietnamese
Nando's Peri-Peri,nandos-peri-peri-surrey,Fast Food
Rose Sweets Tandoori,rose-sweets-tandoori-surrey,Indian
Rama Sweets & Restaurant,rama-sweets-and-restaurant-surrey,Indian
Sachdeva Sweets & Restaurant,sachdeva-sweets-and-restaurant-surrey,Indian
The Chopped Leaf,the-chopped-leaf-delta-4,Salad
Donair Affair,donair-affair-surrey,Middle Eastern
Philosophy Pizza,philosophy-pizza-surrey,Pizza
Delta Pizza,delta-pizza-surrey,Pizza
Top in Town Pizza & Curry,top-in-town-pizza-and-curry-surrey-2,Pizza
Carl's Jr,carls-jr-maple-ridge,Burgers
Chicko Chicken,chicko-chicken-surrey-2,Korean
Donair Affair,donair-affair-surrey-2,Lebanese
Nashville Hot Chicken,nashville-hot-chicken-new-westminster,Southern
Mouneh Lebanese Gourmet Food & baking,mouneh-lebanese-gourmet-food-and-baking-surrey,Arabic
Rendezvous Pub,rendezvous-pub-langley,Sports Bars
Stuffies Pastries,stuffies-pastries-surrey,Desserts
Newton Pizza Cloverdale,newton-pizza-cloverdale-surrey,Pizza
Sashimi & Sushi Express,sashimi-and-sushi-express-surrey,Japanese
Classic O P Pizza,classic-o-p-pizza-surrey,Pizza
Boston Pizza,boston-pizza-surrey-2,Pizza
Alberto's Pizza,albertos-pizza-surrey,Pizza
Sharmaji Cafe,sharmaji-cafe-surrey,Food Delivery Services
Pho Hung Restaurant,pho-hung-restaurant-surrey,Vietnamese
Sushi Line Japanese Restaurant,sushi-line-japanese-restaurant-surrey,Japanese
Al Medina Restaurant,al-medina-restaurant-surrey,Middle Eastern
Charleys Cheesesteaks,charleys-cheesesteaks-surrey-2,Fast Food
Fatburger,fatburger-langley-city-5,Burgers
Red Velvet Cafe and Gifts,red-velvet-cafe-and-gifts-langley-city,Cafes
Langley Vietnamese Cuisine,langley-vietnamese-cuisine-langley,Vietnamese
Red Chillies Kitchen,red-chillies-kitchen-surrey,Pakistani
Freshslice Pizza,freshslice-pizza-white-rock-5,Pizza
Panago Pizza,panago-pizza-surrey-7,Pizza
Freshslice Pizza,freshslice-pizza-langley-14,Pizza
Freshii,freshii-surrey-11,Juice Bars & Smoothies
Chicko Chicken,chicko-chicken-surrey,Fast Food
Taco Time,taco-time-surrey,Mexican
Hot Pan Pizza,hot-pan-pizza-surrey,Pizza
Training Day Cafe - Fleetwood,training-day-cafe-fleetwood-surrey,Cafes
All About Pho,all-about-pho-surrey-3,Vietnamese
Nami Japanese Restaurant,nami-japanese-restaurant-white-rock,Japanese
The Taco Factory,the-taco-factory-langley,Mexican
Silver Spoon Pizza & Curry Restaurant,silver-spoon-pizza-and-curry-restaurant-surrey,Halal
Pho An Nam,pho-an-nam-surrey,Vietnamese
Kyoto Sushi Japanese Restaurant Ltd,kyoto-sushi-japanese-restaurant-ltd-surrey-2,Japanese
Diya Restaurant And Sweets,diya-restaurant-and-sweets-surrey,Desserts
White Spot,white-spot-surrey-7,Breakfast & Brunch
