city,state
Aiken,South Carolina
Alachua,Florida
Alamance,North Carolina
Alameda,California
Albany,New York
Allegan,Michigan
Anderson,South Carolina
Anoka,Minnesota
Arapahoe,Colorado
Arlington,Virginia
Baltimore,Maryland
Barnstable,Massachusetts
Bartow,Georgia
Beaufort,South Carolina
Beaver,Pennsylvania
Benton,Arkansas
Berkshire,Massachusetts
Bernalillo,New Mexico
Boulder,Colorado
Brazoria,Texas
Bronx,New York
Brunswick,North Carolina
Burlington,New Jersey
Butler,Ohio
Butler,Pennsylvania
Camden,New Jersey
Cameron,Texas
Canadian,Oklahoma
Carver,Minnesota
Catawba,North Carolina
Champaign,Illinois
Charleston,South Carolina
Chautauqua,New York
Chester,Pennsylvania
Chesterfield,Virginia
Chittenden,Vermont
Clackamas,Oregon
Clayton,Georgia
Cleveland,Oklahoma
Cobb,Georgia
Cochise,Arizona
Columbiana,Ohio
Comanche,Oklahoma
Cumberland,North Carolina
Dakota,Minnesota
Dallas,Texas
Dane,Wisconsin
Dauphin,Pennsylvania
Davidson,North Carolina
Delaware,Ohio
Denton,Texas
Denver,Colorado
Dorchester,South Carolina
Douglas,Georgia
Douglas,Nebraska
Durham,North Carolina
Eau Claire,Wisconsin
Ector,Texas
El Dorado,California
El Paso,Texas
Elkhart,Indiana
Erie,Pennsylvania
Essex,Massachusetts
Fairfax,Virginia
Fairfield,Connecticut
Fairfield,Ohio
Florence,South Carolina
Forsyth,Georgia
Franklin,Missouri
Franklin,Pennsylvania
Franklin,Ohio
Frederick,Maryland
Fresno,California
Galveston,Texas
Gaston,North Carolina
Genesee,Michigan
Greenville,South Carolina
Hamilton,Ohio
Hamilton,Indiana
Hampden,Massachusetts
Hanover,Virginia
Hardin,Kentucky
Hartford,Connecticut
Henderson,North Carolina
Henrico,Virginia
Hernando,Florida
Hidalgo,Texas
Hillsborough,New Hampshire
Houston,Alabama
Imperial,California
Jackson,Missouri
Jackson,Mississippi
Jackson,Michigan
Jasper,Missouri
Jefferson,Colorado
Jefferson,Texas
Jefferson,New York
Johnson,Kansas
Kalamazoo,Michigan
Kane,Illinois
Kankakee,Illinois
Kaufman,Texas
Kenosha,Wisconsin
Kootenai,Idaho
La Crosse,Wisconsin
Lancaster,Pennsylvania
Lebanon,Pennsylvania
Lee,Florida
Lexington,South Carolina
Litchfield,Connecticut
Lorain,Ohio
Los Angeles,California
Lubbock,Texas
Lucas,Ohio
Luzerne,Pennsylvania
Macomb,Michigan
Macon,Illinois
Madera,California
Madison,Mississippi
Madison,Illinois
Madison,Indiana
Madison,Alabama
Marathon,Wisconsin
Maricopa,Arizona
Marion,Indiana
McLean,Illinois
Medina,Ohio
Merced,California
Mercer,Pennsylvania
Merrimack,New Hampshire
Mesa,Colorado
Middlesex,New Jersey
Midland,Texas
Milwaukee,Wisconsin
Missoula,Montana
Mobile,Alabama
Monroe,Michigan
Monroe,New York
Monroe,Indiana
Monterey,California
Montgomery,Alabama
Montgomery,Pennsylvania
Montgomery,Texas
Muskegon,Michigan
Napa,California
Nassau,New York
New Castle,Delaware
New Haven,Connecticut
New London,Connecticut
New York,New York
Newton,Georgia
Norfolk,Massachusetts
Northampton,Pennsylvania
Oakland,Michigan
Oneida,New York
Ontario,New York
Orange,California
Oswego,New York
Palm Beach,Florida
Passaic,New Jersey
Penobscot,Maine
Peoria,Illinois
Philadelphia,Pennsylvania
Pickens,South Carolina
Pima,Arizona
Plymouth,Massachusetts
Portage,Ohio
Providence,Rhode Island
Pueblo,Colorado
Racine,Wisconsin
Rensselaer,New York
Riverside,California
Rock Island,Illinois
Rockwall,Texas
Rutherford,Tennessee
Sacramento,California
Saginaw,Michigan
San Bernardino,California
San Diego,California
San Francisco,California
San Joaquin,California
San Luis Obispo,California
San Mateo,California
Santa Barbara,California
Santa Clara,California
Santa Cruz,California
Santa Fe,New Mexico
Sarasota,Florida
Schenectady,New York
Sedgwick,Kansas
Seminole,Florida
Shasta,California
Shawnee,Kansas
Sheboygan,Wisconsin
Shelby,Alabama
Snohomish,Washington
Somerset,New Jersey
Sonoma,California
Spartanburg,South Carolina
Spokane,Washington
Spotsylvania,Virginia
Stafford,Virginia
Strafford,New Hampshire
Sumter,South Carolina
Sussex,New Jersey
Taylor,Texas
Tippecanoe,Indiana
Tolland,Connecticut
Tulare,California
Tulsa,Oklahoma
Tuscaloosa,Alabama
Union,New Jersey
Ventura,California
Walworth,Wisconsin
Warren,Ohio
Warren,New Jersey
Washington,Pennsylvania
Washington,Arkansas
Washington,Utah
Waukesha,Wisconsin
Wayne,Ohio
Wayne,Michigan
Windham,Connecticut
Winnebago,Wisconsin
Winnebago,Illinois
Worcester,Massachusetts
Wright,Minnesota
Yakima,Washington
Yamhill,Oregon
Yolo,California
York,South Carolina
York,Pennsylvania
York,Maine
Yuma,Arizona
