Alameda County, California.csv
Alamosa County, Colorado.csv
Arapahoe County, Colorado.csv
Archuleta County, Colorado.csv
Atkinson County, Georgia.csv
Baca County, Colorado.csv
Bacon County, Georgia.csv
Baker County, Georgia.csv
Banks County, Georgia.csv
Barrow County, Georgia.csv
Bartow County, Georgia.csv
Bay County, Florida.csv
Ben Hill County, Georgia.csv
Bradford County, Florida.csv
Brantley County, Georgia.csv
Brevard County, Florida.csv
Broomfield County, Colorado.csv
Broward County, Florida.csv
Burke County, Georgia.csv
Butte County, California.csv
Calaveras County, California.csv
Calhoun County, Georgia.csv
Camden County, Georgia.csv
Capitol Planning Region, Connecticut.csv
Catoosa County, Georgia.csv
Charlton County, Georgia.csv
Chatham County, Georgia.csv
Cherokee County, Georgia.csv
Cheyenne County, Colorado.csv
Citrus County, Florida.csv
Clay County, Georgia.csv
Clayton County, Georgia.csv
Clear Creek County, Colorado.csv
Collier County, Florida.csv
Columbia County, Florida.csv
Conejos County, Colorado.csv
Contra Costa County, California.csv
Costilla County, Colorado.csv
Crawford County, Georgia.csv
Crisp County, Georgia.csv
Dade County, Georgia.csv
Dawson County, Georgia.csv
DeKalb County, Georgia.csv
Del Norte County, California.csv
Delta County, Colorado.csv
Denver County, Colorado.csv
District of Columbia, District of Columbia.csv
Dodge County, Georgia.csv
Douglas County, Colorado.csv
Elbert County, Colorado.csv
Flagler County, Florida.csv
Franklin County, Florida.csv
Fremont County, Colorado.csv
Gadsden County, Florida.csv
Garfield County, Colorado.csv
Gilchrist County, Florida.csv
Grand County, Colorado.csv
Greater Bridgeport Planning Region, Connecticut.csv
Gulf County, Florida.csv
Gunnison County, Colorado.csv
Hernando County, Florida.csv
Highlands County, Florida.csv
Hillsborough County, Florida.csv
Hinsdale County, Colorado.csv
Holmes County, Florida.csv
Huerfano County, Colorado.csv
Humboldt County, California.csv
Imperial County, California.csv
Indian River County, Florida.csv
Inyo County, California.csv
Jefferson County, Colorado.csv
Jefferson County, Florida.csv
Kiowa County, Colorado.csv
La Plata County, Colorado.csv
Lafayette County, Florida.csv
Lake County, California.csv
Lake County, Colorado.csv
Lake County, Florida.csv
Leon County, Florida.csv
Liberty County, Florida.csv
Lincoln County, Colorado.csv
Los Angeles County, California.csv
Madera County, California.csv
Marin County, California.csv
Marion County, Arkansas.csv
Mendocino County, California.csv
Mesa County, Colorado.csv
Mono County, California.csv
Monroe County, Arkansas.csv
Monroe County, Florida.csv
Monterey County, California.csv
Montezuma County, Colorado.csv
Morgan County, Colorado.csv
Napa County, California.csv
Nassau County, Florida.csv
Naugatuck Valley Planning Region, Connecticut.csv
Nevada County, California.csv
New Castle County, Delaware.csv
Newton County, Arkansas.csv
Okeechobee County, Florida.csv
Orange County, Florida.csv
Otero County, Colorado.csv
Ouray County, Colorado.csv
Palm Beach County, Florida.csv
Park County, Colorado.csv
Pasco County, Florida.csv
Perry County, Arkansas.csv
Phillips County, Arkansas.csv
Phillips County, Colorado.csv
Pike County, Arkansas.csv
Plumas County, California.csv
Pope County, Arkansas.csv
Prowers County, Colorado.csv
Pueblo County, Colorado.csv
Pulaski County, Arkansas.csv
Saguache County, Colorado.csv
Saline County, Arkansas.csv
San Benito County, California.csv
San Juan County, Colorado.csv
San Miguel County, Colorado.csv
Santa Clara County, California.csv
Sarasota County, Florida.csv
Scott County, Arkansas.csv
Searcy County, Arkansas.csv
Sedgwick County, Colorado.csv
Seminole County, Florida.csv
Sevier County, Arkansas.csv
Sharp County, Arkansas.csv
Sierra County, California.csv
Solano County, California.csv
Sonoma County, California.csv
South Central Connecticut Planning Region, Connecticut.csv
Southeastern Connecticut Planning Region, Connecticut.csv
St. Francis County, Arkansas.csv
St. Johns County, Florida.csv
Stanislaus County, California.csv
Stone County, Arkansas.csv
Summit County, Colorado.csv
Sumter County, Florida.csv
Sutter County, California.csv
Suwannee County, Florida.csv
Tuolumne County, California.csv
Union County, Arkansas.csv
Union County, Florida.csv
Volusia County, Florida.csv
Washington County, Arkansas.csv
Western Connecticut Planning Region, Connecticut.csv
White County, Arkansas.csv